country,alpha_2_code,alpha_3_code,numeric_code,year,"Population, total",GDP per capita (constant 2015 US$),GNI (current US$),"Inflation, consumer prices (annual %)","Life expectancy at birth, total (years)",Military expenditure (% of GDP),indicator,obs_value,sex,unit_multiplier,unit_of_measure,observation_status,observation_confidentaility,time_period_activity_related_to_when_the_data_are_collected,current_age
Albania,AL,ALB,8,2017,2873457,4249.80373367692,13051480688.4971,2.0605984592022,78.333,1.10869638590383,Percentage children suffering at least five deprivation. Homogeneous severe standards,0,Female,NA,%,NA,NA,NA,Total
Albania,AL,ALB,8,2017,2873457,4249.80373367692,13051480688.4971,2.0605984592022,78.333,1.10869638590383,Percentage children suffering at least five deprivation. Homogeneous severe standards,0,Male,NA,%,NA,NA,NA,Total
Albania,AL,ALB,8,2017,2873457,4249.80373367692,13051480688.4971,2.0605984592022,78.333,1.10869638590383,Percentage children suffering at least five deprivation. Homogeneous severe standards,0,Total,NA,%,NA,NA,NA,Total
Armenia,AM,ARM,51,2015,2925559,3607.28929855361,10981745196.8255,3.73169119261695,74.467,4.23922578573229,Percentage children suffering at least five deprivation. Homogeneous severe standards,0,Female,NA,%,NA,NA,NA,Total
Armenia,AM,ARM,51,2015,2925559,3607.28929855361,10981745196.8255,3.73169119261695,74.467,4.23922578573229,Percentage children suffering at least five deprivation. Homogeneous severe standards,0,Male,NA,%,NA,NA,NA,Total
Armenia,AM,ARM,51,2015,2925559,3607.28929855361,10981745196.8255,3.73169119261695,74.467,4.23922578573229,Percentage children suffering at least five deprivation. Homogeneous severe standards,0,Total,NA,%,NA,NA,NA,Total
Angola,AO,AGO,24,2015,27884380,4166.97983330278,110286109906.073,9.15037207517202,59.398,3.1054262930828,Percentage children suffering at least five deprivation. Homogeneous severe standards,0.04618219658732414,Female,NA,%,NA,NA,NA,Total
Angola,AO,AGO,24,2015,27884380,4166.97983330278,110286109906.073,9.15037207517202,59.398,3.1054262930828,Percentage children suffering at least five deprivation. Homogeneous severe standards,0.01958647556602955,Male,NA,%,NA,NA,NA,Total
Angola,AO,AGO,24,2015,27884380,4166.97983330278,110286109906.073,9.15037207517202,59.398,3.1054262930828,Percentage children suffering at least five deprivation. Homogeneous severe standards,0.03298700228333473,Total,NA,%,NA,NA,NA,Total
Bangladesh,BD,BGD,50,2014,154517385,1184.86328330845,184407434331.997,6.99163889220854,71.231,1.27941246310601,Percentage children suffering at least five deprivation. Homogeneous severe standards,0,Female,NA,%,NA,NA,NA,Total
Bangladesh,BD,BGD,50,2014,154517385,1184.86328330845,184407434331.997,6.99163889220854,71.231,1.27941246310601,Percentage children suffering at least five deprivation. Homogeneous severe standards,0,Male,NA,%,NA,NA,NA,Total
Bangladesh,BD,BGD,50,2014,154517385,1184.86328330845,184407434331.997,6.99163889220854,71.231,1.27941246310601,Percentage children suffering at least five deprivation. Homogeneous severe standards,0,Total,NA,%,NA,NA,NA,Total
Burundi,BI,BDI,108,2016,10488002,294.21884817247,2732027292.17522,5.55768961400965,60.528,2.11562520759206,Percentage children suffering at least five deprivation. Homogeneous severe standards,0,Female,NA,%,NA,NA,NA,Total
Burundi,BI,BDI,108,2016,10488002,294.21884817247,2732027292.17522,5.55768961400965,60.528,2.11562520759206,Percentage children suffering at least five deprivation. Homogeneous severe standards,0,Male,NA,%,NA,NA,NA,Total
Burundi,BI,BDI,108,2016,10488002,294.21884817247,2732027292.17522,5.55768961400965,60.528,2.11562520759206,Percentage children suffering at least five deprivation. Homogeneous severe standards,0,Total,NA,%,NA,NA,NA,Total
Benin,BJ,BEN,204,2017,11175192,1112.81709413435,12561416657.8261,1.76941247391975,61.174,0.920613124425981,Percentage children suffering at least five deprivation. Homogeneous severe standards,0.04208221659064293,Female,NA,%,NA,NA,NA,Total
Benin,BJ,BEN,204,2017,11175192,1112.81709413435,12561416657.8261,1.76941247391975,61.174,0.920613124425981,Percentage children suffering at least five deprivation. Homogeneous severe standards,0.02021513693034649,Male,NA,%,NA,NA,NA,Total
Benin,BJ,BEN,204,2017,11175192,1112.81709413435,12561416657.8261,1.76941247391975,61.174,0.920613124425981,Percentage children suffering at least five deprivation. Homogeneous severe standards,0.03099096193909645,Total,NA,%,NA,NA,NA,Total
Belize,BZ,BLZ,84,2015,360926,4770.23265563888,1626250991.46912,NA,74.034,1.14385616079602,Percentage children suffering at least five deprivation. Homogeneous severe standards,0,Female,NA,%,NA,NA,NA,Total
Belize,BZ,BLZ,84,2015,360926,4770.23265563888,1626250991.46912,NA,74.034,1.14385616079602,Percentage children suffering at least five deprivation. Homogeneous severe standards,0,Male,NA,%,NA,NA,NA,Total
Belize,BZ,BLZ,84,2015,360926,4770.23265563888,1626250991.46912,NA,74.034,1.14385616079602,Percentage children suffering at least five deprivation. Homogeneous severe standards,0,Total,NA,%,NA,NA,NA,Total
"Congo, the Democratic Republic of the",CD,COD,180,2013,71358804,453.9989386694,29868627089.0428,0.80822310148707,58.381,1.1461779767659,Percentage children suffering at least five deprivation. Homogeneous severe standards,0.01044231466948986,Female,NA,%,NA,NA,NA,Total
"Congo, the Democratic Republic of the",CD,COD,180,2013,71358804,453.9989386694,29868627089.0428,0.80822310148707,58.381,1.1461779767659,Percentage children suffering at least five deprivation. Homogeneous severe standards,0.0161718837916851,Male,NA,%,NA,NA,NA,Total
"Congo, the Democratic Republic of the",CD,COD,180,2013,71358804,453.9989386694,29868627089.0428,0.80822310148707,58.381,1.1461779767659,Percentage children suffering at least five deprivation. Homogeneous severe standards,0.01330211013555526,Total,NA,%,NA,NA,NA,Total
Congo,CG,COG,178,2012,4510197,2578.66176857008,16737430784.7713,5.01018773134464,61.423,NA,Percentage children suffering at least five deprivation. Homogeneous severe standards,0.02199970744550228,Female,NA,%,NA,NA,NA,Total
Congo,CG,COG,178,2012,4510197,2578.66176857008,16737430784.7713,5.01018773134464,61.423,NA,Percentage children suffering at least five deprivation. Homogeneous severe standards,0.00757313892245292,Male,NA,%,NA,NA,NA,Total
Congo,CG,COG,178,2012,4510197,2578.66176857008,16737430784.7713,5.01018773134464,61.423,NA,Percentage children suffering at least five deprivation. Homogeneous severe standards,0.0148126445710659,Total,NA,%,NA,NA,NA,Total
Côte d'Ivoire,CI,CIV,384,2011,21028652,1558.96869731226,24425276236.7888,4.91243395052462,53.62,1.39202804464443,Percentage children suffering at least five deprivation. Homogeneous severe standards,0.01814015209674835,Female,NA,%,NA,NA,NA,Total
Côte d'Ivoire,CI,CIV,384,2011,21028652,1558.96869731226,24425276236.7888,4.91243395052462,53.62,1.39202804464443,Percentage children suffering at least five deprivation. Homogeneous severe standards,0,Male,NA,%,NA,NA,NA,Total
Côte d'Ivoire,CI,CIV,384,2011,21028652,1558.96869731226,24425276236.7888,4.91243395052462,53.62,1.39202804464443,Percentage children suffering at least five deprivation. Homogeneous severe standards,0.00893467664718628,Total,NA,%,NA,NA,NA,Total
Ivory Coast,CI,CIV,384,2011,21028652,1558.96869731226,24425276236.7888,4.91243395052462,53.62,1.39202804464443,Percentage children suffering at least five deprivation. Homogeneous severe standards,0.01814015209674835,Female,NA,%,NA,NA,NA,Total
Ivory Coast,CI,CIV,384,2011,21028652,1558.96869731226,24425276236.7888,4.91243395052462,53.62,1.39202804464443,Percentage children suffering at least five deprivation. Homogeneous severe standards,0,Male,NA,%,NA,NA,NA,Total
Ivory Coast,CI,CIV,384,2011,21028652,1558.96869731226,24425276236.7888,4.91243395052462,53.62,1.39202804464443,Percentage children suffering at least five deprivation. Homogeneous severe standards,0.00893467664718628,Total,NA,%,NA,NA,NA,Total
Cameroon,CM,CMR,120,2018,25216261,1437.27153388392,39233893813.3556,1.0742994515814,58.921,1.11159531025983,Percentage children suffering at least five deprivation. Homogeneous severe standards,0,Female,NA,%,NA,NA,NA,Total
Cameroon,CM,CMR,120,2018,25216261,1437.27153388392,39233893813.3556,1.0742994515814,58.921,1.11159531025983,Percentage children suffering at least five deprivation. Homogeneous severe standards,0.00984093360602855,Male,NA,%,NA,NA,NA,Total
Cameroon,CM,CMR,120,2018,25216261,1437.27153388392,39233893813.3556,1.0742994515814,58.921,1.11159531025983,Percentage children suffering at least five deprivation. Homogeneous severe standards,0.00493891816586256,Total,NA,%,NA,NA,NA,Total
Costa Rica,CR,CRI,188,2018,4999443,12573.9558496609,59042758879.5319,2.22111461526584,80.095,0,Percentage children suffering at least five deprivation. Homogeneous severe standards,0,Female,NA,%,NA,NA,NA,Total
Costa Rica,CR,CRI,188,2018,4999443,12573.9558496609,59042758879.5319,2.22111461526584,80.095,0,Percentage children suffering at least five deprivation. Homogeneous severe standards,0,Male,NA,%,NA,NA,NA,Total
Costa Rica,CR,CRI,188,2018,4999443,12573.9558496609,59042758879.5319,2.22111461526584,80.095,0,Percentage children suffering at least five deprivation. Homogeneous severe standards,0,Total,NA,%,NA,NA,NA,Total
Dominican Republic,DO,DOM,214,2013,10048226,6187.28301361997,59708978487.6,4.830950967408,72.763,0.611824773045351,Percentage children suffering at least five deprivation. Homogeneous severe standards,0,Female,NA,%,NA,NA,NA,Total
Dominican Republic,DO,DOM,214,2013,10048226,6187.28301361997,59708978487.6,4.830950967408,72.763,0.611824773045351,Percentage children suffering at least five deprivation. Homogeneous severe standards,0,Male,NA,%,NA,NA,NA,Total
Dominican Republic,DO,DOM,214,2013,10048226,6187.28301361997,59708978487.6,4.830950967408,72.763,0.611824773045351,Percentage children suffering at least five deprivation. Homogeneous severe standards,0,Total,NA,%,NA,NA,NA,Total
Algeria,DZ,DZA,12,2012,37383899,4012.36150559795,206411460482.872,8.89145091062314,75.436,4.46107862007699,Percentage children suffering at least five deprivation. Homogeneous severe standards,0,Female,NA,%,NA,NA,NA,Total
Algeria,DZ,DZA,12,2012,37383899,4012.36150559795,206411460482.872,8.89145091062314,75.436,4.46107862007699,Percentage children suffering at least five deprivation. Homogeneous severe standards,0,Male,NA,%,NA,NA,NA,Total
Algeria,DZ,DZA,12,2012,37383899,4012.36150559795,206411460482.872,8.89145091062314,75.436,4.46107862007699,Percentage children suffering at least five deprivation. Homogeneous severe standards,0,Total,NA,%,NA,NA,NA,Total
Egypt,EG,EGY,818,2014,90424668,3489.86412365968,298332708895.265,10.0702154687482,71.117,1.68969483568075,Percentage children suffering at least five deprivation. Homogeneous severe standards,0,Female,NA,%,NA,NA,NA,Total
Egypt,EG,EGY,818,2014,90424668,3489.86412365968,298332708895.265,10.0702154687482,71.117,1.68969483568075,Percentage children suffering at least five deprivation. Homogeneous severe standards,0,Male,NA,%,NA,NA,NA,Total
Egypt,EG,EGY,818,2014,90424668,3489.86412365968,298332708895.265,10.0702154687482,71.117,1.68969483568075,Percentage children suffering at least five deprivation. Homogeneous severe standards,0,Total,NA,%,NA,NA,NA,Total
Ethiopia,ET,ETH,231,2016,103603461,682.239357745426,74053937524.5784,6.62813337230929,65.482,0.695462177224286,Percentage children suffering at least five deprivation. Homogeneous severe standards,0.03552477806806564,Female,NA,%,NA,NA,NA,Total
Ethiopia,ET,ETH,231,2016,103603461,682.239357745426,74053937524.5784,6.62813337230929,65.482,0.695462177224286,Percentage children suffering at least five deprivation. Homogeneous severe standards,0.04747678339481354,Male,NA,%,NA,NA,NA,Total
Ethiopia,ET,ETH,231,2016,103603461,682.239357745426,74053937524.5784,6.62813337230929,65.482,0.695462177224286,Percentage children suffering at least five deprivation. Homogeneous severe standards,0.04167305678129196,Total,NA,%,NA,NA,NA,Total
Gabon,GA,GAB,266,2012,1749677,7181.21372045023,15456971600.9772,2.65241828695619,62.924,1.61980464787095,Percentage children suffering at least five deprivation. Homogeneous severe standards,0,Female,NA,%,NA,NA,NA,Total
Gabon,GA,GAB,266,2012,1749677,7181.21372045023,15456971600.9772,2.65241828695619,62.924,1.61980464787095,Percentage children suffering at least five deprivation. Homogeneous severe standards,0,Male,NA,%,NA,NA,NA,Total
Gabon,GA,GAB,266,2012,1749677,7181.21372045023,15456971600.9772,2.65241828695619,62.924,1.61980464787095,Percentage children suffering at least five deprivation. Homogeneous severe standards,0,Total,NA,%,NA,NA,NA,Total
Ghana,GH,GHA,288,2014,27224480,1777.09670654526,51920119657.5295,15.4896160333319,62.416,0.678998541282117,Percentage children suffering at least five deprivation. Homogeneous severe standards,0,Female,NA,%,NA,NA,NA,Total
Ghana,GH,GHA,288,2014,27224480,1777.09670654526,51920119657.5295,15.4896160333319,62.416,0.678998541282117,Percentage children suffering at least five deprivation. Homogeneous severe standards,0,Male,NA,%,NA,NA,NA,Total
Ghana,GH,GHA,288,2014,27224480,1777.09670654526,51920119657.5295,15.4896160333319,62.416,0.678998541282117,Percentage children suffering at least five deprivation. Homogeneous severe standards,0,Total,NA,%,NA,NA,NA,Total
Gambia,GM,GMB,270,2018,2280092,692.632098181955,1641471456.93411,6.52096823946571,61.735,0.702928017615916,Percentage children suffering at least five deprivation. Homogeneous severe standards,0,Female,NA,%,NA,NA,NA,Total
Gambia,GM,GMB,270,2018,2280092,692.632098181955,1641471456.93411,6.52096823946571,61.735,0.702928017615916,Percentage children suffering at least five deprivation. Homogeneous severe standards,0,Male,NA,%,NA,NA,NA,Total
Gambia,GM,GMB,270,2018,2280092,692.632098181955,1641471456.93411,6.52096823946571,61.735,0.702928017615916,Percentage children suffering at least five deprivation. Homogeneous severe standards,0,Total,NA,%,NA,NA,NA,Total
Guinea,GN,GIN,324,2018,12414292,920.964243319291,11448030336.5252,9.82600180777342,61.185,1.63681420468527,Percentage children suffering at least five deprivation. Homogeneous severe standards,0,Female,NA,%,NA,NA,NA,Total
Guinea,GN,GIN,324,2018,12414292,920.964243319291,11448030336.5252,9.82600180777342,61.185,1.63681420468527,Percentage children suffering at least five deprivation. Homogeneous severe standards,0,Male,NA,%,NA,NA,NA,Total
Guinea,GN,GIN,324,2018,12414292,920.964243319291,11448030336.5252,9.82600180777342,61.185,1.63681420468527,Percentage children suffering at least five deprivation. Homogeneous severe standards,0,Total,NA,%,NA,NA,NA,Total
Guatemala,GT,GTM,320,2014,15306316,3903.05961459334,56335293254.1838,3.41836169662962,72.935,0.456214349477867,Percentage children suffering at least five deprivation. Homogeneous severe standards,0,Female,NA,%,NA,NA,NA,Total
Guatemala,GT,GTM,320,2014,15306316,3903.05961459334,56335293254.1838,3.41836169662962,72.935,0.456214349477867,Percentage children suffering at least five deprivation. Homogeneous severe standards,0,Male,NA,%,NA,NA,NA,Total
Guatemala,GT,GTM,320,2014,15306316,3903.05961459334,56335293254.1838,3.41836169662962,72.935,0.456214349477867,Percentage children suffering at least five deprivation. Homogeneous severe standards,0,Total,NA,%,NA,NA,NA,Total
Guinea-Bissau,GW,GNB,624,2014,1692433,583.566126204989,1092300692.46571,-1.50924460570499,56.556,2.03802352032643,Percentage children suffering at least five deprivation. Homogeneous severe standards,0,Female,NA,%,NA,NA,NA,Total
Guinea-Bissau,GW,GNB,624,2014,1692433,583.566126204989,1092300692.46571,-1.50924460570499,56.556,2.03802352032643,Percentage children suffering at least five deprivation. Homogeneous severe standards,0,Male,NA,%,NA,NA,NA,Total
Guinea-Bissau,GW,GNB,624,2014,1692433,583.566126204989,1092300692.46571,-1.50924460570499,56.556,2.03802352032643,Percentage children suffering at least five deprivation. Homogeneous severe standards,0,Total,NA,%,NA,NA,NA,Total
Guyana,GY,GUY,328,2014,763371,5568.21821243899,4154314709.38129,0.852630497539925,69.049,1.27633200357824,Percentage children suffering at least five deprivation. Homogeneous severe standards,0,Female,NA,%,NA,NA,NA,Total
Guyana,GY,GUY,328,2014,763371,5568.21821243899,4154314709.38129,0.852630497539925,69.049,1.27633200357824,Percentage children suffering at least five deprivation. Homogeneous severe standards,0,Male,NA,%,NA,NA,NA,Total
Guyana,GY,GUY,328,2014,763371,5568.21821243899,4154314709.38129,0.852630497539925,69.049,1.27633200357824,Percentage children suffering at least five deprivation. Homogeneous severe standards,0,Total,NA,%,NA,NA,NA,Total
Honduras,HN,HND,340,2011,8480670,2144.69981020788,16653035345.4354,6.76227957314765,73.569,1.13130910330426,Percentage children suffering at least five deprivation. Homogeneous severe standards,0.01020152680575847,Female,NA,%,NA,NA,NA,Total
Honduras,HN,HND,340,2011,8480670,2144.69981020788,16653035345.4354,6.76227957314765,73.569,1.13130910330426,Percentage children suffering at least five deprivation. Homogeneous severe standards,0,Male,NA,%,NA,NA,NA,Total
Honduras,HN,HND,340,2011,8480670,2144.69981020788,16653035345.4354,6.76227957314765,73.569,1.13130910330426,Percentage children suffering at least five deprivation. Homogeneous severe standards,0.00493182009086012,Total,NA,%,NA,NA,NA,Total
Haiti,HT,HTI,332,2016,10839976,1393.17657728919,14035590263.8597,11.5029073942667,62.896,8.46300591007706e-4,Percentage children suffering at least five deprivation. Homogeneous severe standards,0,Female,NA,%,NA,NA,NA,Total
Haiti,HT,HTI,332,2016,10839976,1393.17657728919,14035590263.8597,11.5029073942667,62.896,8.46300591007706e-4,Percentage children suffering at least five deprivation. Homogeneous severe standards,0,Male,NA,%,NA,NA,NA,Total
Haiti,HT,HTI,332,2016,10839976,1393.17657728919,14035590263.8597,11.5029073942667,62.896,8.46300591007706e-4,Percentage children suffering at least five deprivation. Homogeneous severe standards,0,Total,NA,%,NA,NA,NA,Total
India,IN,IND,356,2015,1310152392,1605.60544457087,2079182325742.91,4.90697344127255,68.607,2.45745060051391,Percentage children suffering at least five deprivation. Homogeneous severe standards,3.2420482602901e-4,Female,NA,%,NA,NA,NA,Total
India,IN,IND,356,2015,1310152392,1605.60544457087,2079182325742.91,4.90697344127255,68.607,2.45745060051391,Percentage children suffering at least five deprivation. Homogeneous severe standards,5.5726541904732e-4,Male,NA,%,NA,NA,NA,Total
India,IN,IND,356,2015,1310152392,1605.60544457087,2079182325742.91,4.90697344127255,68.607,2.45745060051391,Percentage children suffering at least five deprivation. Homogeneous severe standards,4.450203559827e-4,Total,NA,%,NA,NA,NA,Total
Iraq,IQ,IRQ,368,2018,38433604,4975.38104844748,225613469034.031,0.36744148893681,70.454,2.85159946518623,Percentage children suffering at least five deprivation. Homogeneous severe standards,0,Female,NA,%,NA,NA,NA,Total
Iraq,IQ,IRQ,368,2018,38433604,4975.38104844748,225613469034.031,0.36744148893681,70.454,2.85159946518623,Percentage children suffering at least five deprivation. Homogeneous severe standards,0,Male,NA,%,NA,NA,NA,Total
Iraq,IQ,IRQ,368,2018,38433604,4975.38104844748,225613469034.031,0.36744148893681,70.454,2.85159946518623,Percentage children suffering at least five deprivation. Homogeneous severe standards,0,Total,NA,%,NA,NA,NA,Total
Kenya,KE,KEN,404,2014,46700063,1430.44522482152,60579806470.9482,6.87815499275946,64.135,1.33290268007615,Percentage children suffering at least five deprivation. Homogeneous severe standards,0.00434742774814367,Female,NA,%,NA,NA,NA,Total
Kenya,KE,KEN,404,2014,46700063,1430.44522482152,60579806470.9482,6.87815499275946,64.135,1.33290268007615,Percentage children suffering at least five deprivation. Homogeneous severe standards,0.00120166107080876,Male,NA,%,NA,NA,NA,Total
Kenya,KE,KEN,404,2014,46700063,1430.44522482152,60579806470.9482,6.87815499275946,64.135,1.33290268007615,Percentage children suffering at least five deprivation. Homogeneous severe standards,0.00276423711329698,Total,NA,%,NA,NA,NA,Total
Kyrgyzstan,KG,KGZ,417,2018,6322800,1197.6107237282,8020107852.52243,1.54266145238431,71.4,1.57112217458223,Percentage children suffering at least five deprivation. Homogeneous severe standards,0,Female,NA,%,NA,NA,NA,Total
Kyrgyzstan,KG,KGZ,417,2018,6322800,1197.6107237282,8020107852.52243,1.54266145238431,71.4,1.57112217458223,Percentage children suffering at least five deprivation. Homogeneous severe standards,0,Male,NA,%,NA,NA,NA,Total
Kyrgyzstan,KG,KGZ,417,2018,6322800,1197.6107237282,8020107852.52243,1.54266145238431,71.4,1.57112217458223,Percentage children suffering at least five deprivation. Homogeneous severe standards,0,Total,NA,%,NA,NA,NA,Total
Cambodia,KH,KHM,116,2014,15274506,1104.74996952322,15825602128.3715,3.85568861424195,68.273,1.66306954707354,Percentage children suffering at least five deprivation. Homogeneous severe standards,0,Female,NA,%,NA,NA,NA,Total
Cambodia,KH,KHM,116,2014,15274506,1104.74996952322,15825602128.3715,3.85568861424195,68.273,1.66306954707354,Percentage children suffering at least five deprivation. Homogeneous severe standards,0.01393182668834924,Male,NA,%,NA,NA,NA,Total
Cambodia,KH,KHM,116,2014,15274506,1104.74996952322,15825602128.3715,3.85568861424195,68.273,1.66306954707354,Percentage children suffering at least five deprivation. Homogeneous severe standards,0.00707724224776029,Total,NA,%,NA,NA,NA,Total
Kiribati,KI,KIR,296,2018,115842,1626.04121351321,366978598.646085,0.564030491493466,68.116,NA,Percentage children suffering at least five deprivation. Homogeneous severe standards,0,Female,NA,%,NA,NA,NA,Total
Kiribati,KI,KIR,296,2018,115842,1626.04121351321,366978598.646085,0.564030491493466,68.116,NA,Percentage children suffering at least five deprivation. Homogeneous severe standards,0,Male,NA,%,NA,NA,NA,Total
Kiribati,KI,KIR,296,2018,115842,1626.04121351321,366978598.646085,0.564030491493466,68.116,NA,Percentage children suffering at least five deprivation. Homogeneous severe standards,0,Total,NA,%,NA,NA,NA,Total
Comoros,KM,COM,174,2012,723865,1237.00315471536,1014150701.47,6.31474450315182,62.595,NA,Percentage children suffering at least five deprivation. Homogeneous severe standards,0,Female,NA,%,NA,NA,NA,Total
Comoros,KM,COM,174,2012,723865,1237.00315471536,1014150701.47,6.31474450315182,62.595,NA,Percentage children suffering at least five deprivation. Homogeneous severe standards,0,Male,NA,%,NA,NA,NA,Total
Comoros,KM,COM,174,2012,723865,1237.00315471536,1014150701.47,6.31474450315182,62.595,NA,Percentage children suffering at least five deprivation. Homogeneous severe standards,0,Total,NA,%,NA,NA,NA,Total
Lao People's Democratic Republic,LA,LAO,418,2017,6953031,2373.59737898011,16170189391.765,0.82547860756813,67.277,NA,Percentage children suffering at least five deprivation. Homogeneous severe standards,0.02452291175723076,Female,NA,%,NA,NA,NA,Total
Lao People's Democratic Republic,LA,LAO,418,2017,6953031,2373.59737898011,16170189391.765,0.82547860756813,67.277,NA,Percentage children suffering at least five deprivation. Homogeneous severe standards,0.02132066152989864,Male,NA,%,NA,NA,NA,Total
Lao People's Democratic Republic,LA,LAO,418,2017,6953031,2373.59737898011,16170189391.765,0.82547860756813,67.277,NA,Percentage children suffering at least five deprivation. Homogeneous severe standards,0.02288883738219738,Total,NA,%,NA,NA,NA,Total
Liberia,LR,LBR,430,2013,4248337,754.458487625775,2875704600,7.57730681741403,61.186,1.08123677293918,Percentage children suffering at least five deprivation. Homogeneous severe standards,0.01754992455244064,Female,NA,%,NA,NA,NA,Total
Liberia,LR,LBR,430,2013,4248337,754.458487625775,2875704600,7.57730681741403,61.186,1.08123677293918,Percentage children suffering at least five deprivation. Homogeneous severe standards,0.00189063721336424,Male,NA,%,NA,NA,NA,Total
Liberia,LR,LBR,430,2013,4248337,754.458487625775,2875704600,7.57730681741403,61.186,1.08123677293918,Percentage children suffering at least five deprivation. Homogeneous severe standards,0.00954533275216817,Total,NA,%,NA,NA,NA,Total
Lesotho,LS,LSO,426,2014,2043448,1119.77166736673,2719621955.82666,5.37028961008588,49.891,1.76809681567459,Percentage children suffering at least five deprivation. Homogeneous severe standards,0,Female,NA,%,NA,NA,NA,Total
Lesotho,LS,LSO,426,2014,2043448,1119.77166736673,2719621955.82666,5.37028961008588,49.891,1.76809681567459,Percentage children suffering at least five deprivation. Homogeneous severe standards,0,Male,NA,%,NA,NA,NA,Total
Lesotho,LS,LSO,426,2014,2043448,1119.77166736673,2719621955.82666,5.37028961008588,49.891,1.76809681567459,Percentage children suffering at least five deprivation. Homogeneous severe standards,0,Total,NA,%,NA,NA,NA,Total
Madagascar,MG,MDG,450,2018,26262313,480.888892539933,13390285874.726,8.59422958870474,66.681,0.605686110902832,Percentage children suffering at least five deprivation. Homogeneous severe standards,0.0652250126004219,Female,NA,%,NA,NA,NA,Total
Madagascar,MG,MDG,450,2018,26262313,480.888892539933,13390285874.726,8.59422958870474,66.681,0.605686110902832,Percentage children suffering at least five deprivation. Homogeneous severe standards,0.0679338127374649,Male,NA,%,NA,NA,NA,Total
Madagascar,MG,MDG,450,2018,26262313,480.888892539933,13390285874.726,8.59422958870474,66.681,0.605686110902832,Percentage children suffering at least five deprivation. Homogeneous severe standards,0.06659970432519913,Total,NA,%,NA,NA,NA,Total
Mali,ML,MLI,466,2018,19077755,802.033618195994,16560732181.7673,0.299546507387888,58.893,2.80694470654841,Percentage children suffering at least five deprivation. Homogeneous severe standards,0,Female,NA,%,NA,NA,NA,Total
Mali,ML,MLI,466,2018,19077755,802.033618195994,16560732181.7673,0.299546507387888,58.893,2.80694470654841,Percentage children suffering at least five deprivation. Homogeneous severe standards,2.8509693220257e-4,Male,NA,%,NA,NA,NA,Total
Mali,ML,MLI,466,2018,19077755,802.033618195994,16560732181.7673,0.299546507387888,58.893,2.80694470654841,Percentage children suffering at least five deprivation. Homogeneous severe standards,1.4468263543676e-4,Total,NA,%,NA,NA,NA,Total
Myanmar,MM,MMR,104,2015,52680724,1196.74335747421,60546862891.7435,9.45417189525996,65.81,4.30136742832191,Percentage children suffering at least five deprivation. Homogeneous severe standards,0,Female,NA,%,NA,NA,NA,Total
Myanmar,MM,MMR,104,2015,52680724,1196.74335747421,60546862891.7435,9.45417189525996,65.81,4.30136742832191,Percentage children suffering at least five deprivation. Homogeneous severe standards,0,Male,NA,%,NA,NA,NA,Total
Myanmar,MM,MMR,104,2015,52680724,1196.74335747421,60546862891.7435,9.45417189525996,65.81,4.30136742832191,Percentage children suffering at least five deprivation. Homogeneous severe standards,0,Total,NA,%,NA,NA,NA,Total
Burma,MM,MMR,104,2015,52680724,1196.74335747421,60546862891.7435,9.45417189525996,65.81,4.30136742832191,Percentage children suffering at least five deprivation. Homogeneous severe standards,0,Female,NA,%,NA,NA,NA,Total
Burma,MM,MMR,104,2015,52680724,1196.74335747421,60546862891.7435,9.45417189525996,65.81,4.30136742832191,Percentage children suffering at least five deprivation. Homogeneous severe standards,0,Male,NA,%,NA,NA,NA,Total
Burma,MM,MMR,104,2015,52680724,1196.74335747421,60546862891.7435,9.45417189525996,65.81,4.30136742832191,Percentage children suffering at least five deprivation. Homogeneous severe standards,0,Total,NA,%,NA,NA,NA,Total
Mongolia,MN,MNG,496,2018,3170214,4233.9726894313,11943636761.3041,6.81243594195042,69.689,0.730921185734901,Percentage children suffering at least five deprivation. Homogeneous severe standards,0,Female,NA,%,NA,NA,NA,Total
Mongolia,MN,MNG,496,2018,3170214,4233.9726894313,11943636761.3041,6.81243594195042,69.689,0.730921185734901,Percentage children suffering at least five deprivation. Homogeneous severe standards,0,Male,NA,%,NA,NA,NA,Total
Mongolia,MN,MNG,496,2018,3170214,4233.9726894313,11943636761.3041,6.81243594195042,69.689,0.730921185734901,Percentage children suffering at least five deprivation. Homogeneous severe standards,0,Total,NA,%,NA,NA,NA,Total
Mauritania,MR,MRT,478,2015,4046304,1524.07175254803,5986763077.81392,3.23770308329082,63.936,2.10312366907099,Percentage children suffering at least five deprivation. Homogeneous severe standards,0.00608368078246712,Female,NA,%,NA,NA,NA,Total
Mauritania,MR,MRT,478,2015,4046304,1524.07175254803,5986763077.81392,3.23770308329082,63.936,2.10312366907099,Percentage children suffering at least five deprivation. Homogeneous severe standards,0,Male,NA,%,NA,NA,NA,Total
Mauritania,MR,MRT,478,2015,4046304,1524.07175254803,5986763077.81392,3.23770308329082,63.936,2.10312366907099,Percentage children suffering at least five deprivation. Homogeneous severe standards,0.00307850982062518,Total,NA,%,NA,NA,NA,Total
Maldives,MV,MDV,462,2016,475505,9190.00325538518,4026225703.39137,0.502509413611577,78.013,NA,Percentage children suffering at least five deprivation. Homogeneous severe standards,0,Female,NA,%,NA,NA,NA,Total
Maldives,MV,MDV,462,2016,475505,9190.00325538518,4026225703.39137,0.502509413611577,78.013,NA,Percentage children suffering at least five deprivation. Homogeneous severe standards,0,Male,NA,%,NA,NA,NA,Total
Maldives,MV,MDV,462,2016,475505,9190.00325538518,4026225703.39137,0.502509413611577,78.013,NA,Percentage children suffering at least five deprivation. Homogeneous severe standards,0,Total,NA,%,NA,NA,NA,Total
Malawi,MW,MWI,454,2015,16745305,380.596987683774,6153437697.08038,21.8673475542553,61.953,0.63477102741745,Percentage children suffering at least five deprivation. Homogeneous severe standards,0,Female,NA,%,NA,NA,NA,Total
Malawi,MW,MWI,454,2015,16745305,380.596987683774,6153437697.08038,21.8673475542553,61.953,0.63477102741745,Percentage children suffering at least five deprivation. Homogeneous severe standards,0,Male,NA,%,NA,NA,NA,Total
Malawi,MW,MWI,454,2015,16745305,380.596987683774,6153437697.08038,21.8673475542553,61.953,0.63477102741745,Percentage children suffering at least five deprivation. Homogeneous severe standards,0,Total,NA,%,NA,NA,NA,Total
Mexico,MX,MEX,484,2015,121858251,9616.64555810607,1141602672778.78,2.7206406496403,74.904,0.466676122422583,Percentage children suffering at least five deprivation. Homogeneous severe standards,0,Female,NA,%,NA,NA,NA,Total
Mexico,MX,MEX,484,2015,121858251,9616.64555810607,1141602672778.78,2.7206406496403,74.904,0.466676122422583,Percentage children suffering at least five deprivation. Homogeneous severe standards,0,Male,NA,%,NA,NA,NA,Total
Mexico,MX,MEX,484,2015,121858251,9616.64555810607,1141602672778.78,2.7206406496403,74.904,0.466676122422583,Percentage children suffering at least five deprivation. Homogeneous severe standards,0,Total,NA,%,NA,NA,NA,Total
Mozambique,MZ,MOZ,508,2011,24187500,501.500244410865,14126352399.2349,11.1666056127874,53.043,0.82655322493467,Percentage children suffering at least five deprivation. Homogeneous severe standards,0.01947756856679916,Female,NA,%,NA,NA,NA,Total
Mozambique,MZ,MOZ,508,2011,24187500,501.500244410865,14126352399.2349,11.1666056127874,53.043,0.82655322493467,Percentage children suffering at least five deprivation. Homogeneous severe standards,0.00935870874673128,Male,NA,%,NA,NA,NA,Total
Mozambique,MZ,MOZ,508,2011,24187500,501.500244410865,14126352399.2349,11.1666056127874,53.043,0.82655322493467,Percentage children suffering at least five deprivation. Homogeneous severe standards,0.01448226626962423,Total,NA,%,NA,NA,NA,Total
Niger,NE,NER,562,2012,17795209,464.147736693812,9746583206.78836,0.455089820359268,58.79,2.14435698352175,Percentage children suffering at least five deprivation. Homogeneous severe standards,0,Female,NA,%,NA,NA,NA,Total
Niger,NE,NER,562,2012,17795209,464.147736693812,9746583206.78836,0.455089820359268,58.79,2.14435698352175,Percentage children suffering at least five deprivation. Homogeneous severe standards,0,Male,NA,%,NA,NA,NA,Total
Niger,NE,NER,562,2012,17795209,464.147736693812,9746583206.78836,0.455089820359268,58.79,2.14435698352175,Percentage children suffering at least five deprivation. Homogeneous severe standards,0,Total,NA,%,NA,NA,NA,Total
Nigeria,NG,NGA,566,2018,195874685,2512.1923919651,378866757024,12.0947315505318,54.332,0.506944514455417,Percentage children suffering at least five deprivation. Homogeneous severe standards,0.00706948153674602,Female,NA,%,NA,NA,NA,Total
Nigeria,NG,NGA,566,2018,195874685,2512.1923919651,378866757024,12.0947315505318,54.332,0.506944514455417,Percentage children suffering at least five deprivation. Homogeneous severe standards,0.00503366021439433,Male,NA,%,NA,NA,NA,Total
Nigeria,NG,NGA,566,2018,195874685,2512.1923919651,378866757024,12.0947315505318,54.332,0.506944514455417,Percentage children suffering at least five deprivation. Homogeneous severe standards,0.00603770790621638,Total,NA,%,NA,NA,NA,Total
Nepal,NP,NPL,524,2016,27263430,897.403788049837,24843832218.8529,8.79034332004629,69.848,1.70089772805931,Percentage children suffering at least five deprivation. Homogeneous severe standards,0,Female,NA,%,NA,NA,NA,Total
Nepal,NP,NPL,524,2016,27263430,897.403788049837,24843832218.8529,8.79034332004629,69.848,1.70089772805931,Percentage children suffering at least five deprivation. Homogeneous severe standards,0,Male,NA,%,NA,NA,NA,Total
Nepal,NP,NPL,524,2016,27263430,897.403788049837,24843832218.8529,8.79034332004629,69.848,1.70089772805931,Percentage children suffering at least five deprivation. Homogeneous severe standards,0,Total,NA,%,NA,NA,NA,Total
Peru,PE,PER,604,2012,29506790,5748.59083468834,180516378525.933,3.61121294940174,74.981,1.48180390847034,Percentage children suffering at least five deprivation. Homogeneous severe standards,0,Female,NA,%,NA,NA,NA,Total
Peru,PE,PER,604,2012,29506790,5748.59083468834,180516378525.933,3.61121294940174,74.981,1.48180390847034,Percentage children suffering at least five deprivation. Homogeneous severe standards,0,Male,NA,%,NA,NA,NA,Total
Peru,PE,PER,604,2012,29506790,5748.59083468834,180516378525.933,3.61121294940174,74.981,1.48180390847034,Percentage children suffering at least five deprivation. Homogeneous severe standards,0,Total,NA,%,NA,NA,NA,Total
Papua New Guinea,PG,PNG,598,2016,8271766,2770.39513791412,20529201244.8133,6.67372881355933,63.744,0.417619817343255,Percentage children suffering at least five deprivation. Homogeneous severe standards,0.00951504707336425,Female,NA,%,NA,NA,NA,Total
Papua New Guinea,PG,PNG,598,2016,8271766,2770.39513791412,20529201244.8133,6.67372881355933,63.744,0.417619817343255,Percentage children suffering at least five deprivation. Homogeneous severe standards,0,Male,NA,%,NA,NA,NA,Total
Papua New Guinea,PG,PNG,598,2016,8271766,2770.39513791412,20529201244.8133,6.67372881355933,63.744,0.417619817343255,Percentage children suffering at least five deprivation. Homogeneous severe standards,0.00449991971254348,Total,NA,%,NA,NA,NA,Total
Pakistan,PK,PAK,586,2017,207906210,1449.53351514942,299553253219.097,4.08537368032604,66.947,3.77444886134427,Percentage children suffering at least five deprivation. Homogeneous severe standards,0.00130174215883016,Female,NA,%,NA,NA,NA,Total
Pakistan,PK,PAK,586,2017,207906210,1449.53351514942,299553253219.097,4.08537368032604,66.947,3.77444886134427,Percentage children suffering at least five deprivation. Homogeneous severe standards,0,Male,NA,%,NA,NA,NA,Total
Pakistan,PK,PAK,586,2017,207906210,1449.53351514942,299553253219.097,4.08537368032604,66.947,3.77444886134427,Percentage children suffering at least five deprivation. Homogeneous severe standards,6.5135216573253e-4,Total,NA,%,NA,NA,NA,Total
Paraguay,PY,PRY,600,2016,6777878,5570.60534938827,34643025809.2839,4.08682280577242,73.836,0.951883544944449,Percentage children suffering at least five deprivation. Homogeneous severe standards,0,Female,NA,%,NA,NA,NA,Total
Paraguay,PY,PRY,600,2016,6777878,5570.60534938827,34643025809.2839,4.08682280577242,73.836,0.951883544944449,Percentage children suffering at least five deprivation. Homogeneous severe standards,0,Male,NA,%,NA,NA,NA,Total
Paraguay,PY,PRY,600,2016,6777878,5570.60534938827,34643025809.2839,4.08682280577242,73.836,0.951883544944449,Percentage children suffering at least five deprivation. Homogeneous severe standards,0,Total,NA,%,NA,NA,NA,Total
Rwanda,RW,RWA,646,2014,11083629,707.736765439342,8052354311.73213,2.35449052820364,66.884,1.13441273326015,Percentage children suffering at least five deprivation. Homogeneous severe standards,0,Female,NA,%,NA,NA,NA,Total
Rwanda,RW,RWA,646,2014,11083629,707.736765439342,8052354311.73213,2.35449052820364,66.884,1.13441273326015,Percentage children suffering at least five deprivation. Homogeneous severe standards,0,Male,NA,%,NA,NA,NA,Total
Rwanda,RW,RWA,646,2014,11083629,707.736765439342,8052354311.73213,2.35449052820364,66.884,1.13441273326015,Percentage children suffering at least five deprivation. Homogeneous severe standards,0,Total,NA,%,NA,NA,NA,Total
Sierra Leone,SL,SLE,694,2017,7488427,622.530318311141,3629620900.30429,18.2198091957714,53.895,1.0938168966116,Percentage children suffering at least five deprivation. Homogeneous severe standards,0,Female,NA,%,NA,NA,NA,Total
Sierra Leone,SL,SLE,694,2017,7488427,622.530318311141,3629620900.30429,18.2198091957714,53.895,1.0938168966116,Percentage children suffering at least five deprivation. Homogeneous severe standards,0,Male,NA,%,NA,NA,NA,Total
Sierra Leone,SL,SLE,694,2017,7488427,622.530318311141,3629620900.30429,18.2198091957714,53.895,1.0938168966116,Percentage children suffering at least five deprivation. Homogeneous severe standards,0,Total,NA,%,NA,NA,NA,Total
Senegal,SN,SEN,686,2017,15419354,1316.84468769724,20409362881.7165,1.31815314847782,67.38,1.4710630000698799,Percentage children suffering at least five deprivation. Homogeneous severe standards,0,Female,NA,%,NA,NA,NA,Total
Senegal,SN,SEN,686,2017,15419354,1316.84468769724,20409362881.7165,1.31815314847782,67.38,1.4710630000698799,Percentage children suffering at least five deprivation. Homogeneous severe standards,0,Male,NA,%,NA,NA,NA,Total
Senegal,SN,SEN,686,2017,15419354,1316.84468769724,20409362881.7165,1.31815314847782,67.38,1.4710630000698799,Percentage children suffering at least five deprivation. Homogeneous severe standards,0,Total,NA,%,NA,NA,NA,Total
Suriname,SR,SUR,740,2018,575987,9020.44078727509,3608704857.62144,NA,71.57,NA,Percentage children suffering at least five deprivation. Homogeneous severe standards,0,Female,NA,%,NA,NA,NA,Total
Suriname,SR,SUR,740,2018,575987,9020.44078727509,3608704857.62144,NA,71.57,NA,Percentage children suffering at least five deprivation. Homogeneous severe standards,0,Male,NA,%,NA,NA,NA,Total
Suriname,SR,SUR,740,2018,575987,9020.44078727509,3608704857.62144,NA,71.57,NA,Percentage children suffering at least five deprivation. Homogeneous severe standards,0,Total,NA,%,NA,NA,NA,Total
Sao Tome and Principe,ST,STP,678,2014,195727,1554.04719275694,352225165.242364,6.99849943966418,69.052,NA,Percentage children suffering at least five deprivation. Homogeneous severe standards,0,Female,NA,%,NA,NA,NA,Total
Sao Tome and Principe,ST,STP,678,2014,195727,1554.04719275694,352225165.242364,6.99849943966418,69.052,NA,Percentage children suffering at least five deprivation. Homogeneous severe standards,0,Male,NA,%,NA,NA,NA,Total
Sao Tome and Principe,ST,STP,678,2014,195727,1554.04719275694,352225165.242364,6.99849943966418,69.052,NA,Percentage children suffering at least five deprivation. Homogeneous severe standards,0,Total,NA,%,NA,NA,NA,Total
El Salvador,SV,SLV,222,2014,6295124,3636.01031244949,21558030000,1.1413446753823,72.175,1.03525487674093,Percentage children suffering at least five deprivation. Homogeneous severe standards,0,Female,NA,%,NA,NA,NA,Total
El Salvador,SV,SLV,222,2014,6295124,3636.01031244949,21558030000,1.1413446753823,72.175,1.03525487674093,Percentage children suffering at least five deprivation. Homogeneous severe standards,0,Male,NA,%,NA,NA,NA,Total
El Salvador,SV,SLV,222,2014,6295124,3636.01031244949,21558030000,1.1413446753823,72.175,1.03525487674093,Percentage children suffering at least five deprivation. Homogeneous severe standards,0,Total,NA,%,NA,NA,NA,Total
Swaziland,SZ,SWZ,748,2014,1095022,3629.79901688183,4235837856.0174,5.68134885776449,53.569,1.83965905159037,Percentage children suffering at least five deprivation. Homogeneous severe standards,0,Female,NA,%,NA,NA,NA,Total
Swaziland,SZ,SWZ,748,2014,1095022,3629.79901688183,4235837856.0174,5.68134885776449,53.569,1.83965905159037,Percentage children suffering at least five deprivation. Homogeneous severe standards,0,Male,NA,%,NA,NA,NA,Total
Swaziland,SZ,SWZ,748,2014,1095022,3629.79901688183,4235837856.0174,5.68134885776449,53.569,1.83965905159037,Percentage children suffering at least five deprivation. Homogeneous severe standards,0,Total,NA,%,NA,NA,NA,Total
Chad,TD,TCD,148,2014,13663562,779.846646694773,13336602010.745,1.68197313925659,52.789,2.80651395535442,Percentage children suffering at least five deprivation. Homogeneous severe standards,0.02506369166076183,Female,NA,%,NA,NA,NA,Total
Chad,TD,TCD,148,2014,13663562,779.846646694773,13336602010.745,1.68197313925659,52.789,2.80651395535442,Percentage children suffering at least five deprivation. Homogeneous severe standards,0.02539717592298984,Male,NA,%,NA,NA,NA,Total
Chad,TD,TCD,148,2014,13663562,779.846646694773,13336602010.745,1.68197313925659,52.789,2.80651395535442,Percentage children suffering at least five deprivation. Homogeneous severe standards,0.02523377910256385,Total,NA,%,NA,NA,NA,Total
Togo,TG,TGO,768,2014,7137997,553.909505975897,4621145737.3896,0.190875076249778,59.58,1.81828886251592,Percentage children suffering at least five deprivation. Homogeneous severe standards,0.00863384827971458,Female,NA,%,NA,NA,NA,Total
Togo,TG,TGO,768,2014,7137997,553.909505975897,4621145737.3896,0.190875076249778,59.58,1.81828886251592,Percentage children suffering at least five deprivation. Homogeneous severe standards,0.03780793398618698,Male,NA,%,NA,NA,NA,Total
Togo,TG,TGO,768,2014,7137997,553.909505975897,4621145737.3896,0.190875076249778,59.58,1.81828886251592,Percentage children suffering at least five deprivation. Homogeneous severe standards,0.02349096909165382,Total,NA,%,NA,NA,NA,Total
Thailand,TH,THA,764,2015,68714519,5840.05306687798,380595105656.73,-0.900424963291544,76.091,1.42658185931741,Percentage children suffering at least five deprivation. Homogeneous severe standards,0,Female,NA,%,NA,NA,NA,Total
Thailand,TH,THA,764,2015,68714519,5840.05306687798,380595105656.73,-0.900424963291544,76.091,1.42658185931741,Percentage children suffering at least five deprivation. Homogeneous severe standards,0,Male,NA,%,NA,NA,NA,Total
Thailand,TH,THA,764,2015,68714519,5840.05306687798,380595105656.73,-0.900424963291544,76.091,1.42658185931741,Percentage children suffering at least five deprivation. Homogeneous severe standards,0,Total,NA,%,NA,NA,NA,Total
Tajikistan,TJ,TJK,762,2017,8880270,1066.40674750893,8637238733.52281,NA,70.647,1.09390601214542,Percentage children suffering at least five deprivation. Homogeneous severe standards,0,Female,NA,%,NA,NA,NA,Total
Tajikistan,TJ,TJK,762,2017,8880270,1066.40674750893,8637238733.52281,NA,70.647,1.09390601214542,Percentage children suffering at least five deprivation. Homogeneous severe standards,0,Male,NA,%,NA,NA,NA,Total
Tajikistan,TJ,TJK,762,2017,8880270,1066.40674750893,8637238733.52281,NA,70.647,1.09390601214542,Percentage children suffering at least five deprivation. Homogeneous severe standards,0,Total,NA,%,NA,NA,NA,Total
Timor-Leste,TL,TLS,626,2016,1219289,1351.92443843477,2230611664.9416,-1.46984287886469,68.735,1.03994446648155,Percentage children suffering at least five deprivation. Homogeneous severe standards,0,Female,NA,%,NA,NA,NA,Total
Timor-Leste,TL,TLS,626,2016,1219289,1351.92443843477,2230611664.9416,-1.46984287886469,68.735,1.03994446648155,Percentage children suffering at least five deprivation. Homogeneous severe standards,0.00637743109837174,Male,NA,%,NA,NA,NA,Total
Timor-Leste,TL,TLS,626,2016,1219289,1351.92443843477,2230611664.9416,-1.46984287886469,68.735,1.03994446648155,Percentage children suffering at least five deprivation. Homogeneous severe standards,0.00328917591832578,Total,NA,%,NA,NA,NA,Total
Turkmenistan,TM,TKM,795,2015,5565283,6432.68532538494,33705628571.4286,NA,67.704,NA,Percentage children suffering at least five deprivation. Homogeneous severe standards,0,Female,NA,%,NA,NA,NA,Total
Turkmenistan,TM,TKM,795,2015,5565283,6432.68532538494,33705628571.4286,NA,67.704,NA,Percentage children suffering at least five deprivation. Homogeneous severe standards,0,Male,NA,%,NA,NA,NA,Total
Turkmenistan,TM,TKM,795,2015,5565283,6432.68532538494,33705628571.4286,NA,67.704,NA,Percentage children suffering at least five deprivation. Homogeneous severe standards,0,Total,NA,%,NA,NA,NA,Total
Tunisia,TN,TUN,788,2018,11565203,4195.2510051402,41206531393.9031,7.3075917603165,76.505,2.11338486121235,Percentage children suffering at least five deprivation. Homogeneous severe standards,0,Female,NA,%,NA,NA,NA,Total
Tunisia,TN,TUN,788,2018,11565203,4195.2510051402,41206531393.9031,7.3075917603165,76.505,2.11338486121235,Percentage children suffering at least five deprivation. Homogeneous severe standards,0,Male,NA,%,NA,NA,NA,Total
Tunisia,TN,TUN,788,2018,11565203,4195.2510051402,41206531393.9031,7.3075917603165,76.505,2.11338486121235,Percentage children suffering at least five deprivation. Homogeneous severe standards,0,Total,NA,%,NA,NA,NA,Total
"Tanzania, United Republic of",TZ,TZA,834,2015,51482638,947.933351658407,46478404057.9675,5.58816952959301,63.111,1.09136986722986,Percentage children suffering at least five deprivation. Homogeneous severe standards,8.4134953795e-4,Female,NA,%,NA,NA,NA,Total
"Tanzania, United Republic of",TZ,TZA,834,2015,51482638,947.933351658407,46478404057.9675,5.58816952959301,63.111,1.09136986722986,Percentage children suffering at least five deprivation. Homogeneous severe standards,0,Male,NA,%,NA,NA,NA,Total
"Tanzania, United Republic of",TZ,TZA,834,2015,51482638,947.933351658407,46478404057.9675,5.58816952959301,63.111,1.09136986722986,Percentage children suffering at least five deprivation. Homogeneous severe standards,4.1919306386262e-4,Total,NA,%,NA,NA,NA,Total
Uganda,UG,UGA,800,2016,39649173,855.897175930047,28691913228.8136,5.44575878373994,61.986,1.04565622418992,Percentage children suffering at least five deprivation. Homogeneous severe standards,0.00207875506021082,Female,NA,%,NA,NA,NA,Total
Uganda,UG,UGA,800,2016,39649173,855.897175930047,28691913228.8136,5.44575878373994,61.986,1.04565622418992,Percentage children suffering at least five deprivation. Homogeneous severe standards,0,Male,NA,%,NA,NA,NA,Total
Uganda,UG,UGA,800,2016,39649173,855.897175930047,28691913228.8136,5.44575878373994,61.986,1.04565622418992,Percentage children suffering at least five deprivation. Homogeneous severe standards,0.00103548564948141,Total,NA,%,NA,NA,NA,Total
Yemen,YE,YEM,887,2013,25147112,2348.51758494916,38599635701.9871,10.9684421500194,66.016,4.07952740426758,Percentage children suffering at least five deprivation. Homogeneous severe standards,0.00526703661307692,Female,NA,%,NA,NA,NA,Total
Yemen,YE,YEM,887,2013,25147112,2348.51758494916,38599635701.9871,10.9684421500194,66.016,4.07952740426758,Percentage children suffering at least five deprivation. Homogeneous severe standards,0.01723447814583778,Male,NA,%,NA,NA,NA,Total
Yemen,YE,YEM,887,2013,25147112,2348.51758494916,38599635701.9871,10.9684421500194,66.016,4.07952740426758,Percentage children suffering at least five deprivation. Homogeneous severe standards,0.01136574707925319,Total,NA,%,NA,NA,NA,Total
South Africa,ZA,ZAF,710,2016,56207649,6209.36588848656,315294078694.387,6.59460441456991,63.153,1.06519964469914,Percentage children suffering at least five deprivation. Homogeneous severe standards,0,Female,NA,%,NA,NA,NA,Total
South Africa,ZA,ZAF,710,2016,56207649,6209.36588848656,315294078694.387,6.59460441456991,63.153,1.06519964469914,Percentage children suffering at least five deprivation. Homogeneous severe standards,0,Male,NA,%,NA,NA,NA,Total
South Africa,ZA,ZAF,710,2016,56207649,6209.36588848656,315294078694.387,6.59460441456991,63.153,1.06519964469914,Percentage children suffering at least five deprivation. Homogeneous severe standards,0,Total,NA,%,NA,NA,NA,Total
Zambia,ZM,ZMB,894,2018,17351714,1368.60175641733,25904785012.8606,7.49457192728511,63.51,1.4094623913248,Percentage children suffering at least five deprivation. Homogeneous severe standards,0,Female,NA,%,NA,NA,NA,Total
Zambia,ZM,ZMB,894,2018,17351714,1368.60175641733,25904785012.8606,7.49457192728511,63.51,1.4094623913248,Percentage children suffering at least five deprivation. Homogeneous severe standards,0,Male,NA,%,NA,NA,NA,Total
Zambia,ZM,ZMB,894,2018,17351714,1368.60175641733,25904785012.8606,7.49457192728511,63.51,1.4094623913248,Percentage children suffering at least five deprivation. Homogeneous severe standards,0,Total,NA,%,NA,NA,NA,Total
Zimbabwe,ZW,ZWE,716,2015,13814642,1445.06970213198,19597002300,-2.43096842383406,59.534,1.88687572008215,Percentage children suffering at least five deprivation. Homogeneous severe standards,0.01378920674324035,Female,NA,%,NA,NA,NA,Total
Zimbabwe,ZW,ZWE,716,2015,13814642,1445.06970213198,19597002300,-2.43096842383406,59.534,1.88687572008215,Percentage children suffering at least five deprivation. Homogeneous severe standards,0.01370115578174591,Male,NA,%,NA,NA,NA,Total
Zimbabwe,ZW,ZWE,716,2015,13814642,1445.06970213198,19597002300,-2.43096842383406,59.534,1.88687572008215,Percentage children suffering at least five deprivation. Homogeneous severe standards,0.01374504063278436,Total,NA,%,NA,NA,NA,Total
Namibia,NA,"NAM",516,2013,NA,NA,NA,NA,NA,NA,Percentage children suffering at least five deprivation. Homogeneous severe standards,0,Female,NA,%,NA,NA,NA,Total
Namibia,NA,"NAM",516,2013,NA,NA,NA,NA,NA,NA,Percentage children suffering at least five deprivation. Homogeneous severe standards,0,Male,NA,%,NA,NA,NA,Total
Namibia,NA,"NAM",516,2013,NA,NA,NA,NA,NA,NA,Percentage children suffering at least five deprivation. Homogeneous severe standards,0,Total,NA,%,NA,NA,NA,Total
